rank,name,age,team,position
1,Nathan MacKinnon,29,COL,C
2,Mikko Rantanen,28,COL,RW
3,Leon Draisaitl,29,EDM,C
4,Kirill Kaprizov,27,MIN,LW
5,Nikita Kucherov,31,TBL,RW
6,Mitch Marner,27,TOR,RW
7,Connor McDavid,28,EDM,C
8,Kyle Connor,28,WPG,LW
9,Jack Eichel,28,VEG,C
10,Jesper Bratt,26,NJD,W
11,Jack Hughes,23,NJD,C
12,Cale Makar,26,COL,D
13,Sam Reinhart,29,FLA,C
14,Martin Nečas,26,CAR,C
15,Quinn Hughes,25,VAN,D
16,Mark Scheifele,31,WPG,C
17,Travis Konecny,27,PHI,C
18,William Nylander,28,TOR,C
19,Kirill Marchenko,24,CBJ,RW
20,Sidney Crosby,37,PIT,C
21,Brandon Hagel,26,TBL,LW
22,Brayden Point,28,TBL,C
23,Tim Stützle,23,OTT,LW
24,Zach Werenski,27,CBJ,D
25,Dylan Strome,27,WSH,C
26,Anže Kopitar,37,LAK,C
27,Artemi Panarin,33,NYR,LW
28,Sebastian Aho,27,CAR,F
29,Clayton Keller,26,UTA,C
30,David Pastrňák,28,BOS,RW
31,John Tavares,34,TOR,C
32,Jake Guentzel,30,TBL,C
33,Nick Suzuki,25,MTL,C
34,Matthew Tkachuk,27,FLA,LW
35,Drake Batherson,26,OTT,C
36,Mikael Granlund,32,SJS,C
37,Nico Hischier,26,NJD,C
38,Lucas Raymond,22,DET,LW
39,Aleksander Barkov,29,FLA,C
40,Sean Monahan,30,CBJ,C
41,Josh Morrissey,29,WPG,D
42,Brady Tkachuk,25,OTT,LW
43,Cole Caufield,24,MTL,RW
44,Dylan Guenther,21,UTA,RW
45,Adrian Kempe,28,LAK,LW
46,Connor Bedard,19,CHI,C
47,Matt Boldy,23,MIN,LW
48,Logan Cooley,20,UTA,C
49,Jordan Kyrou,26,STL,C
50,Brad Marchand,36,BOS,LW
51,Gabriel Vilardi,25,WPG,C
52,Ivan Barbashev,29,VEG,C
53,Anthony Cirelli,27,TBL,C
54,Matt Duchene,34,DAL,C
55,Filip Forsberg,30,NSH,C
56,Mark Stone,32,VEG,RW
57,Evgeni Malkin,38,PIT,C
58,Connor McMichael,24,WSH,C
59,Aliaksei Protas,24,WSH,C
60,Rickard Rakell,31,PIT,RW
61,Marco Rossi,23,MIN,C
62,Victor Hedman,34,TBL,D
63,Elias Pettersson,26,VAN,C
64,Nick Schmaltz,28,UTA,C
65,Shea Theodore,29,VEG,D
66,Robert Thomas,25,STL,C
67,Alex Tuch,28,BUF,RW
68,Sam Bennett,28,FLA,C
69,Nikolaj Ehlers,28,WPG,LW
70,William Eklund,22,SJS,LW
71,Conor Garland,28,VAN,RW
72,Shayne Gostisbehere,31,CAR,D
73,Dylan Larkin,28,DET,C
74,Anders Lee,34,NYI,LW
75,Mason Marchment,29,DAL,F
76,Jared McCann,28,SEA,C
77,Timo Meier,28,NJD,RW
78,Matvei Michkov,20,PHI,RW
79,Bryan Rust,32,PIT,RW
80,Mikhail Sergachev,26,UTA,D
81,Tage Thompson,27,BUF,C
82,Carter Verhaeghe,29,FLA,C
83,Macklin Celebrini,18,SJS,F
84,Pierre-Luc Dubois,26,WSH,LW
85,Adam Fox,26,NYR,D
86,Lane Hutson,20,MTL,D
87,Jonathan Marchessault,34,NSH,C
88,Stefan Noesen,31,NJD,RW
89,JJ Peterka,23,BUF,RW
90,Neal Pionk,29,WPG,D
91,Andrei Svechnikov,24,CAR,RW
92,Fabian Zetterlund,25,SJS,W
93,Evan Bouchard,25,EDM,D
94,Rasmus Dahlin,24,BUF,D
95,Alex DeBrincat,27,DET,RW
96,Jake DeBrusk,28,VAN,LW
97,Bo Horvat,29,NYI,C
98,Jonathan Huberdeau,31,CGY,LW
99,Alex Laferriere,23,LAK,RW
100,Alex Ovechkin,39,WSH,LW
101,Kyle Palmieri,33,NYI,RW
102,Troy Terry,27,ANA,C
103,Jake Walman,28,SJS,D
104,Oliver Bjorkstrand,29,SEA,RW
105,William Cuylle,22,NYR,LW
106,Tomáš Hertl,31,VEG,C
107,Dylan Holloway,23,STL,C
108,Roman Josi,34,NSH,D
109,Erik Karlsson,34,PIT,D
110,Tyler Toffoli,32,SJS,C
111,Tom Wilson,30,WSH,RW
112,Pavel Buchnevich,29,STL,LW
113,John Carlson,35,WSH,D
114,Dougie Hamilton,31,NJD,D
115,Anton Lundell,23,FLA,C
116,Auston Matthews,27,TOR,C
117,Casey Mittelstadt,26,COL,C
118,Cole Perfetti,23,WPG,C
119,Jason Robertson,25,DAL,LW
120,Chandler Stephenson,30,SEA,C
121,Teuvo Teräväinen,30,CHI,F
122,Jason Zucker,33,BUF,LW
123,Jamie Benn,35,DAL,LW
124,Brock Boeser,27,VAN,RW
125,Claude Giroux,37,OTT,C
126,Wyatt Johnston,21,DAL,C
127,Nazem Kadri,34,CGY,C
128,Owen Power,22,BUF,D
129,Steven Stamkos,34,NSH,C
130,Owen Tippett,25,PHI,RW
131,Dmitri Voronkov,24,CBJ,LW
132,Jakob Chychrun,26,WSH,D
133,Jake Evans,28,MTL,C
134,Kevin Fiala,28,LAK,LW
135,Roope Hintz,28,DAL,LW
136,Simon Holmström,23,NYI,RW
137,Seth Jarvis,22,CAR,C
138,Kent Johnson,22,CBJ,C
139,Alexis Lafrenière,23,NYR,LW
140,Adam Lowry,31,WPG,LW
141,J.T. Miller,31,VAN,C
142,Brandon Montour,30,SEA,D
143,Joshua Norris,25,OTT,C
144,Ryan O'Reilly,33,NSH,C
145,Jack Roslovic,28,CAR,C
146,Mika Zibanejad,31,NYR,C
147,Ryan Donato,28,CHI,C
148,Aaron Ekblad,28,FLA,D
149,Brock Nelson,33,NYI,C
150,Jake Sanderson,22,OTT,D
151,Travis Sanheim,28,PHI,D
152,Jaden Schwartz,32,SEA,C
153,Tyler Seguin,33,DAL,C
154,Cole Sillinger,21,CBJ,C
155,Vincent Trocheck,31,NYR,C
156,Connor Zary,23,CGY,C
157,Mats Zuccarello,37,MIN,LW
158,Bowen Byram,23,BUF,D
159,Brandt Clarke,21,LAK,D
160,Dylan Cozens,23,BUF,C
161,Noah Dobson,25,NYI,D
162,Pavel Dorofeyev,24,VEG,LW
163,Brock Faber,22,MIN,D
164,Taylor Hall,33,CHI,LW
165,Zach Hyman,32,EDM,LW
166,Matthew Knies,22,TOR,LW
167,Artturi Lehkonen,29,COL,LW
168,Elias Lindholm,30,BOS,C
169,Dawson Mercer,23,NJD,C
170,Vladislav Namestnikov,32,WPG,C
171,Nino Niederreiter,32,WPG,RW
172,Colton Parayko,31,STL,D
173,Nick Paul,29,TBL,LW
174,Alex Pietrangelo,35,VEG,D
175,Eric Robinson,29,CAR,LW
176,Moritz Seider,23,DET,D
177,Kiefer Sherwood,29,VAN,RW
178,Juraj Slafkovsky,20,MTL,LW
179,Pius Suter,28,VAN,F
180,Maxim Tsyplakov,26,NYI,F
181,Matty Beniers,22,SEA,C
182,Tyler Bertuzzi,29,CHI,LW
183,Michael Bunting,29,PIT,LW
184,Matthew Coronato,22,CGY,RW
185,Sean Couturier,32,PHI,C
186,Warren Foegele,28,LAK,LW
187,Brett Howden,26,VEG,C
188,Scott Laughton,30,PHI,C
189,Trevor Moore,29,LAK,LW
190,Ryan Nugent-Hopkins,31,EDM,C
191,Morgan Rielly,30,TOR,D
192,Brayden Schenn,33,STL,C
193,MacKenzie Weegar,31,CGY,D
194,Blake Coleman,33,CGY,C
195,J.T. Compher,29,DET,LW
196,Phillip Danault,31,LAK,C
197,Ryker Evans,23,SEA,D
198,Adam Gaudette,28,OTT,C
199,Matt Grzelcyk,31,PIT,D
200,Noah Hanifin,28,VEG,D
201,Luke Hughes,21,NJD,D
202,William Karlsson,32,VEG,C
203,Jordan Martinook,32,CAR,LW
204,Mike Matheson,30,MTL,D
205,Ryan McLeod,25,BUF,C
206,Jake Neighbours,22,STL,LW
207,Valeri Nichushkin,29,COL,RW
208,Jean-Gabriel Pageau,32,NYI,C
209,Damon Severson,30,CBJ,D
210,Logan Stankoven,21,DAL,C
211,Frank Vatrano,30,ANA,LW
212,Alexander Wennberg,30,SJS,C
213,Pavel Zacha,27,BOS,C
214,Joel Armia,31,MTL,RW
215,Mikael Backlund,35,CGY,C
216,Teddy Blueger,30,VAN,C
217,Thomas Chabot,28,OTT,D
218,Tyson Foerster,23,PHI,RW
219,Brendan Gallagher,32,MTL,RW
220,Vladislav Gavrikov,29,LAK,D
221,Samuel Girard,26,COL,D
222,Barrett Hayton,24,UTA,C
223,Luke Kunin,27,SJS,C
224,Kris Letang,37,PIT,D
225,Charlie McAvoy,27,BOS,D
226,Dmitry Orlov,33,CAR,D
227,Evan Rodrigues,31,FLA,C
228,Reilly Smith,33,NYR,RW
229,Ryan Strome,31,ANA,C
230,Alex Vlasic,23,CHI,D
231,Shane Wright,21,SEA,C
232,Rasmus Andersson,28,CGY,D
233,Mason Appleton,29,WPG,C
234,Justin Brazeau,26,BOS,F
235,Bobby Brink,23,PHI,RW
236,Quinton Byfield,22,LAK,C
237,Mattias Ekholm,34,EDM,D
238,Adam Fantilli,20,CBJ,C
239,Nick Foligno,37,CHI,LW
240,Morgan Frost,25,PHI,C
241,Frédérick Gaudreau,31,MIN,C
242,Yanni Gourde,33,SEA,C
243,Thomas Harley,23,DAL,D
244,Miro Heiskanen,25,DAL,D
245,Michael Kesselring,25,UTA,D
246,Alex Killorn,35,ANA,C
247,Keegan Kolesar,27,VEG,RW
248,Jesperi Kotkaniemi,24,CAR,C
249,Mason Lohrei,24,BOS,D
250,Darnell Nurse,29,EDM,D
251,Mathieu Olivier,27,CBJ,F
252,Ondřej Palát,33,NJD,LW
253,Taylor Raddysh,26,WSH,RW
254,Eeli Tolvanen,25,SEA,RW
255,Kaapo Kakko,23,SEA,RW
256,Connor Brown,31,EDM,RW
257,Yegor Chinakhov,23,CBJ,RW
258,Andrew Copp,30,DET,C
259,Evgenii Dadonov,35,DAL,RW
260,Simon Edvinsson,21,DET,D
261,Luke Evangelista,22,NSH,RW
262,Cutter Gauthier,21,ANA,LW
263,Morgan Geekie,26,BOS,C
264,Emil Heineman,23,MTL,LW
265,Danton Heinen,29,VAN,C
266,Mattias Janmark,32,EDM,C
267,Patrick Kane,36,DET,RW
268,Eetu Luostarinen,26,FLA,C
269,Jack McBain,25,UTA,C
270,Bobby McMann,28,TOR,F
271,Mason McTavish,22,ANA,C
272,Niko Mikkola,28,FLA,D
273,Ivan Provorov,28,CBJ,D
274,Rasmus Sandin,24,WSH,D
275,Jordan Staal,36,CAR,C
276,Brandon Tanev,33,SEA,LW
277,Josh Anderson,30,MTL,RW
278,Philip Broberg,23,STL,D
279,Paul Cotter,25,NJD,C
280,Charlie Coyle,32,BOS,C
281,Oliver Ekman-Larsson,33,TOR,D
282,Joel Eriksson Ek,28,MIN,C
283,Marcus Foligno,33,MIN,LW
284,Gustav Forsling,28,FLA,D
285,Nick Jensen,34,OTT,D
286,Marcus Johansson,34,MIN,C
287,Jacob Middleton,29,MIN,D
288,Connor Murphy,31,CHI,D
289,Gustav Nyquist,35,NSH,RW
290,Tanner Pearson,32,VEG,LW
291,Marcus Pettersson,28,PIT,D
292,Nicolas Roy,27,VEG,C
293,William Smith,19,SJS,C
294,Jared Spurgeon,35,MIN,D
295,Sam Steel,26,DAL,C
296,Vladimir Tarasenko,33,DET,RW
297,Devon Toews,30,COL,D
298,Alex Turcotte,23,LAK,C
299,Nikolai Kovalenko,25,SJS,RW
300,Lars Eller,35,WSH,C
301,Kevin Bahl,24,CGY,D
302,Zach Benson,19,BUF,LW
303,Zachary Bolduc,21,STL,C
304,André Burakovsky,29,SEA,LW
305,Leo Carlsson,20,ANA,C
306,Noah Cates,25,PHI,LW
307,Filip Chytil,25,NYR,C
308,Jason Dickinson,29,CHI,C
309,Max Domi,29,TOR,LW
310,Joel Farabee,24,PHI,LW
311,Alex Iafallo,31,WPG,C
312,Alexander Kerfoot,30,UTA,C
313,Joel Kiviranta,28,COL,F
314,Chris Kreider,33,NYR,LW
315,Kevin Labanc,29,CBJ,RW
316,Blake Lizotte,27,PIT,C
317,Andrew Mangiapane,28,WSH,LW
318,Ilya Mikheyev,30,CHI,F
319,Victor Olofsson,29,VEG,RW
320,Michael Rasmussen,25,DET,C
321,Jeff Skinner,32,EDM,LW
322,Olen Zellweger,21,ANA,D
323,Zach Aston-Reese,30,CBJ,C
324,Anthony Beauvillier,27,PIT,LW
325,Jackson Blake,21,CAR,RW
326,Jesper Boqvist,26,FLA,C
327,Jonas Brodin,31,MIN,D
328,Brent Burns,39,CAR,D
329,Mitchell Chaffee,27,TBL,F
330,Ross Colton,28,COL,C
331,Nick Cousins,31,OTT,C
332,Brenden Dillon,34,NJD,D
333,Nic Dowd,34,WSH,C
334,Vince Dunn,28,SEA,D
335,Christian Dvorak,28,MTL,C
336,Jordan Eberle,34,SEA,RW
337,Trent Frederic,26,BOS,C
338,Garnet Hathaway,33,PHI,RW
339,Erik Haula,33,NJD,LW
340,Seth Jones,30,CHI,D
341,Mark Kastelic,25,BOS,C
342,Johnathan Kovacevic,27,NJD,D
343,Brett Kulak,31,EDM,D
344,Jackson LaCombe,24,ANA,D
345,Brett Leason,25,ANA,RW
346,Esa Lindell,30,DAL,D
347,Max Pacioretty,36,TOR,LW
348,Corey Perry,39,EDM,RW
349,Vasily Podkolzin,23,EDM,RW
350,Ryan Poehling,26,PHI,C
351,Martin Pospisil,25,CGY,C
352,Ryan Pulock,30,NYI,D
353,Jack Quinn,23,BUF,RW
354,Darren Raddysh,28,TBL,D
355,Lukas Reichel,22,CHI,LW
356,Mackie Samoskevich,22,FLA,RW
357,Nick Seeler,31,PHI,D
358,Brady Skjei,30,NSH,D
359,Trevor van Riemsdyk,33,WSH,D
360,Jakub Vrána,28,WSH,LW
361,Michael Amadio,28,OTT,C
362,Michael Anderson,25,LAK,D
363,Cody Ceci,31,SJS,D
364,Joel Edmundson,31,LAK,D
365,Justin Faulk,32,STL,D
366,Conor Geekie,20,TBL,C
367,Adam Henrique,34,EDM,C
368,Cole Koepke,26,BOS,LW
369,Peyton Krebs,24,BUF,C
370,Andrei Kuzmenko,28,CGY,F
371,Matias Maccelli,24,UTA,LW
372,J.J. Moser,24,TBL,D
373,Drew O'Connor,26,PIT,F
374,Nicklaus Perbix,26,TBL,D
375,Brandon Saad,32,STL,LW
376,Jaccob Slavin,30,CAR,D
377,Craig Smith,35,CHI,C
378,Jordan Spence,23,LAK,D
379,Kevin Stenlund,28,UTA,C
380,Chris Tanev,35,TOR,D
381,Trevor Zegras,23,ANA,C
382,Oskar Back,24,DAL,C
383,William Carrier,30,CAR,LW
384,Jalen Chatfield,28,CAR,D
385,Ian Cole,35,UTA,D
386,Kirby Dach,24,MTL,C
387,Jack Drury,24,CAR,C
388,A.J. Greer,28,FLA,LW
389,Ridly Greig,22,OTT,C
390,Alexander Holtz,23,VEG,RW
391,Filip Hronek,27,VAN,D
392,Parker Kelly,25,COL,F
393,Sean Kuraly,32,CBJ,C
394,Zachary L'Heureux,21,NSH,LW
395,Patrik Laine,26,MTL,RW
396,Pat Maroon,36,CHI,LW
397,Jake McCabe,31,TOR,D
398,Ryan McDonagh,35,TBL,D
399,Thomas Novak,27,NSH,C
400,Logan O'Connor,28,COL,RW
401,Shane Pinto,24,OTT,C
402,Nicholas Robertson,23,TOR,LW
403,David Savard,34,MTL,D
404,Braden Schneider,23,NYR,D
405,Yegor Sharangovich,26,CGY,C
406,Nico Sturm,29,SJS,C
407,Tomáš Tatar,34,NJD,LW
408,James van Riemsdyk,35,CBJ,LW
409,Nikita Zadorov,29,BOS,D
410,Alexandre Carrier,28,NSH,D
411,Cam Fowler,33,STL,D
412,Uvis Balinskis,28,FLA,D
413,John Beecher,23,BOS,C
414,Nick Bjugstad,32,UTA,C
415,Colin Blackwell,31,DAL,C
416,T.J. Brodie,34,CHI,D
417,Michael Carcone,28,UTA,F
418,Erik Černák,27,TBL,D
419,Declan Chisholm,25,MIN,D
420,Dennis Cholowski,26,NYI,D
421,Justin Danforth,31,CBJ,RW
422,Brandon Duhaime,27,WSH,RW
423,Dante Fabbro,26,NSH,D
424,Ivan Ivan,22,COL,F
425,Mark Jankowski,30,NSH,C
426,Zachary Jones,24,NYR,D
427,Justin Kirkland,28,CGY,LW
428,Jiri Kulich,20,BUF,C
429,Ilya Lyubushkin,30,DAL,D
430,Emil Martinsen Lilleberg,23,TBL,D
431,Brock McGinn,30,ANA,LW
432,Pavel Mintyukov,21,ANA,D
433,Tyler Myers,34,VAN,D
434,Jesse Puljujärvi,26,PIT,RW
435,Rasmus Ristolainen,30,PHI,D
436,Matt Roy,29,WSH,D
437,Nate Schmidt,33,FLA,D
438,Jonas Siegenthaler,27,NJD,D
439,Henry Thrun,23,SJS,D
440,Noel Acciari,33,PIT,C
441,Viktor Arvidsson,31,EDM,LW
442,Jonatan Berggren,24,DET,RW
443,Mavrik Bourque,23,DAL,C
444,Erik Brännström,25,VAN,D
445,Jake Christiansen,25,CBJ,D
446,Connor Clifton,29,BUF,D
447,Lawson Crouse,27,UTA,LW
448,Pierre Engvall,28,NYI,LW
449,Robby Fabbri,29,ANA,C
450,Radek Faksa,31,STL,C
451,Martin Fehérváry,25,WSH,D
452,Cody Glass,25,PIT,C
453,Jordan Greenway,27,BUF,LW
454,Ryan Hartman,30,MIN,RW
455,Kevin Hayes,32,PIT,RW
456,Tanner Jeannot,27,LAK,F
457,Marco Kasper,20,DET,C
458,Dmitry Kulikov,34,FLA,D
459,Hendrix Lapierre,22,WSH,C
460,Trevor Lewis,38,LAK,C
461,Timothy Liljegren,25,TOR,D
462,Hampus Lindholm,31,BOS,D
463,Beck Malenstyn,26,BUF,LW
464,Anthony Mantha,30,CGY,RW
465,Colin Miller,32,WPG,D
466,Cole Schwindt,23,VEG,RW
467,Ryan Suter,40,STL,D
468,Conor Timmins,26,TOR,D
469,Cameron York,24,PHI,D
470,Yegor Zamula,24,PHI,D
471,Jacob Trouba,30,NYR,D
472,Nolan Allan,21,CHI,D
473,Mathew Barzal,27,NYI,C
474,Zach Bogosian,34,MIN,D
475,Sam Carrick,32,NYR,C
476,Calvin de Haan,33,COL,D
477,Dylan DeMelo,31,WPG,D
478,Brian Dumoulin,33,ANA,D
479,Mario Ferraro,26,SJS,D
480,Haydn Fleury,28,WPG,D
481,Noah Gregor,26,OTT,C
482,Radko Gudas,34,ANA,D
483,Kaiden Guhle,23,MTL,D
484,Nils Höglander,24,VAN,LW
485,Pontus Holmberg,25,TOR,RW
486,Tye Kartye,23,SEA,F
487,Adam Larsson,32,SEA,D
488,Steven Lorentz,28,TOR,C
489,Isac Lundeström,25,ANA,C
490,Josh Manson,33,COL,D
491,Scott Mayfield,32,NYI,D
492,Brayden McNabb,34,VEG,D
493,K'Andre Miller,25,NYR,D
494,Daniil Miromanov,27,CGY,D
495,Alex Newhook,24,MTL,C
496,Jamie Oleksiak,32,SEA,D
497,Andrew Peeke,26,BOS,D
498,Scott Perunovich,26,STL,D
499,Brett Pesce,30,NJD,D
500,Jeff Petry,37,DET,D
501,Anthony Richard,28,PHI,C
502,Dylan Samberg,26,WPG,D
503,Joe Veleno,25,DET,C
504,Nathan Walker,30,STL,C
505,Sean Walker,30,CAR,D
506,Philip Tomasino,23,PIT,C
507,Emil Andrae,22,PHI,D
508,Cam Atkinson,35,TBL,RW
509,Nathan Bastian,27,NJD,RW
510,Ben Chiarot,33,DET,D
511,Jamie Drysdale,22,PHI,D
512,Anthony Duclair,29,NYI,LW
513,Michael Eyssimont,28,TBL,C
514,Isaiah George,20,NYI,D
515,Carl Grundström,27,SJS,RW
516,Erik Gustafsson,32,DET,D
517,David Kämpf,30,TOR,C
518,Vladislav Kolyachonok,23,UTA,D
519,Philipp Kurashev,25,CHI,C
520,Olli Määttä,30,UTA,D
521,Kyle MacLean,25,NYI,F
522,Sam Malinski,26,COL,D
523,Victor Mancini,22,NYR,D
524,Michael McCarron,29,NSH,RW
525,Tomáš Nosek,32,FLA,C
526,Juuso Pärssinen,23,NSH,C
527,Mikael Pyyhtia,23,CBJ,LW
528,Jan Rutta,34,SJS,D
529,Max Sasson,24,VAN,F
530,Cole Smith,29,NSH,F
531,Troy Stecher,30,EDM,D
532,Jayden Struble,23,MTL,D
533,Oskar Sundqvist,30,STL,C
534,Alexandre Texier,25,STL,C
535,Jack Thompson,22,SJS,D
536,Alexey Toropchenko,25,STL,RW
537,Yakov Trenin,28,MIN,C
538,Arber Xhekaj,24,MTL,D
539,Kasperi Kapanen,28,STL,RW
540,Morgan Barron,26,WPG,C
541,Jake Bean,26,CGY,D
542,Jacob Bernard-Docker,24,OTT,D
543,Adam Boqvist,24,FLA,D
544,Jonny Brodzinski,31,NYR,C
545,Brandon Carlo,28,BOS,D
546,Seamus Casey,21,NJD,D
547,Ty Dellandrea,24,SJS,C
548,Jonathan Drouin,29,COL,LW
549,Adam Edstrom,24,NYR,C
550,Christian Fischer,27,DET,RW
551,Luke Glendening,35,TBL,C
552,Barclay Goodrow,31,SJS,RW
553,Nicolas Hague,26,VEG,D
554,Drew Helleson,23,ANA,D
555,Ross Johnston,30,ANA,LW
556,Mathieu Joseph,27,STL,RW
557,Dakota Joshua,28,VAN,C
558,Marat Khusnutdinov,22,MIN,C
559,Klim Kostin,25,SJS,C
560,Jakub Lauko,24,MIN,C
561,Ryan Lindgren,26,NYR,D
562,Ryan Lomberg,30,CGY,LW
563,Alec Martinez,37,CHI,D
564,Fraser Minten,20,TOR,C
565,Ivan Miroshnichenko,20,WSH,LW
566,Adam Pelech,30,NYI,D
567,Jakob Pelletier,23,CGY,LW
568,Matthew Poitras,20,BOS,C
569,Aatu Räty,22,VAN,C
570,Alexander Romanov,25,NYI,D
571,Kevin Rooney,31,CGY,C
572,Derek Ryan,38,EDM,C
573,Mattias Samuelsson,24,BUF,D
574,Colton Sissons,31,NSH,C
575,Carson Soucy,30,VAN,D
576,Logan Stanley,26,WPG,D
577,Juuso Välimäki,26,UTA,D
578,Jimmy Vesey,31,NYR,LW
579,Oliver Wahlstrom,24,NYI,RW
580,Daniel Sprong,27,VAN,RW
581,Simon Benoit,26,TOR,D
582,Brett Berard,22,NYR,LW
583,Jacob Bryson,27,BUF,D
584,Nikita Chibrikov,21,WPG,RW
585,Marc Del Gaizo,25,NSH,D
586,Vincent Desharnais,28,VAN,D
587,Justin Dowling,34,NJD,C
588,Ty Emberson,24,EDM,D
589,Jansen Harkins,27,ANA,C
590,Justin Holl,33,DET,D
591,Henri Jokiharju,25,BUF,D
592,Matthew Kessel,24,STL,D
593,Pyotr Kochetkov,25,CAR,G
594,Kaedan Korczak,24,VEG,D
595,Rasmus Kupari,24,WPG,C
596,Maveric Lamoureux,21,UTA,D
597,Nils Lundkvist,24,DAL,D
598,Zack MacEwen,28,OTT,C
599,Logan Mailloux,21,MTL,D
600,Jonathon Merrill,32,MIN,D
601,Jordan Oesterle,32,BOS,D
602,Zack Ostapchuk,21,OTT,C
603,Brendan Smith,35,DAL,D
604,Akil Thomas,25,LAK,C
605,Zach Whitecloud,28,VEG,D
606,Adam Wilsby,24,NSH,D
607,Miles Wood,29,COL,LW
608,Nils Åman,24,VAN,C
609,Nicolas Aubé-Kubel,28,BUF,RW
610,Tyson Barrie,33,CGY,D
611,Lian Bichsel,20,DAL,D
612,Nick Blankenburg,26,NSH,D
613,William Borgen,28,SEA,D
614,Robert Bortuzzo,35,UTA,D
615,Kyle Burroughs,29,LAK,D
616,Casey Cizikas,33,NYI,C
617,Phillip Di Giuseppe,31,VAN,LW
618,Josh Doan,22,UTA,RW
619,Sean Durzi,26,UTA,D
620,Zemgus Girgensons,31,TBL,C
621,Gage Goncalves,24,TBL,C
622,Travis Hamonic,34,OTT,D
623,Jordan Harris,24,CBJ,D
624,Samuel Helenius,22,LAK,C
625,Grant Hutton,29,NYI,D
626,Erik Johnson,36,PHI,D
627,Jack Johnson,38,CBJ,D
628,Tyler Johnson,34,BOS,C
629,Pierre-Olivier Joseph,25,STL,D
630,Tyson Jost,26,CAR,C
631,Oliver Kapanen,21,MTL,C
632,Tyler Kleven,23,OTT,D
633,Oliver Kylington,27,COL,D
634,Sam Lafferty,29,BUF,C
635,Curtis Lazar,29,NJD,C
636,Andre Lee,24,LAK,LW
637,John Ludvig,24,COL,D
638,Dylan McIlrath,32,WSH,D
639,Marc McLaughlin,25,BOS,F
640,Tyler Motte,29,DET,C
641,Philippe Myers,28,TOR,D
642,Matthew Nieto,32,PIT,LW
643,Brayden Pachal,25,CGY,D
644,Owen Pickering,21,PIT,D
645,Valtteri Puustinen,25,PIT,RW
646,Cole Reinhardt,24,OTT,LW
647,Luke Schenn,35,NSH,D
648,Michael Sgarbossa,32,WSH,C
649,Ryan Shea,27,PIT,D
650,Fedor Svechkov,21,NSH,C
651,Dustin Wolf,23,CGY,G
652,Artem Zub,29,OTT,D
653,Joey Anderson,26,CHI,RW
654,Yaroslav Askarov,22,SJS,G
655,Arshdeep Bains,24,VAN,F
656,Justin Barron,23,NSH,D
657,Callahan Burke,27,VEG,C
658,Drake Caggiula,30,EDM,LW
659,Ethan Cardwell,22,SJS,RW
660,Declan Carlile,24,TBL,D
661,Lucas Condotta,27,MTL,F
662,Louis Crevier,23,CHI,D
663,Nicolas Deslauriers,33,PHI,LW
664,Connor Dewar,25,TOR,C
665,Walker Duehr,27,CGY,F
666,Mathew Dumba,30,DAL,D
667,Andreas Englund,29,LAK,D
668,Derek Forbort,32,VAN,D
669,Jonah Gadjovich,26,FLA,LW
670,Alexandar Georgiev,28,SJS,G
671,Dennis Gilbert,28,BUF,D
672,Helge Grans,22,PHI,D
673,Kevin Gravel,32,NSH,D
674,Daniil Gushchin,22,SJS,LW
675,Filip Gustavsson,26,MIN,G
676,Joel Hofer,24,STL,G
677,David Jiříček,21,CBJ,D
678,Albert Johansson,24,DET,D
679,Wyatt Kaiser,22,CHI,D
680,Spencer Knight,23,FLA,G
681,Tyson Kozak,22,BUF,C
682,Jeremy Lauzon,27,NSH,D
683,Jonathan Lekkerimaki,20,VAN,RW
684,Ukko-Pekka Luukkonen,25,BUF,G
685,Josh Mahura,26,SEA,D
686,Matt Martin,35,NYI,LW
687,Georgii Merkulov,24,BOS,F
688,Jacob Moverare,26,LAK,D
689,Shakir Mukhamadullin,23,SJS,D
690,Frank Nazar,21,CHI,C
691,Simon Nemec,20,NJD,D
692,Jake Oettinger,26,DAL,G
693,Isaak Phillips,23,CHI,D
694,Noah Philp,26,EDM,F
695,Samuel Poulin,23,PIT,RW
696,Ryan Reaves,38,TOR,RW
697,Calum Ritchie,20,COL,C
698,Chad Ruhwedel,34,NYR,D
699,Juuse Saros,29,NSH,G
700,Devin Shore,30,MIN,C
701,Jack St. Ivany,25,PIT,D
702,Mitchell Stephens,27,SEA,C
703,Daniil Tarasov,25,CBJ,G
704,T.J. Tynan,32,COL,C
705,Linus Ullmark,31,OTT,G
706,Urho Vaakanainen,26,NYR,D
707,Vítek Vaněček,29,SJS,G
708,Daniel Vladař,27,CGY,G
709,Chris Wagner,33,COL,C
710,Ryan Winterton,21,SEA,C
711,Alexander Alexeyev,25,WSH,D
712,Jake Allen,34,NJD,G
713,Frederik Andersen,35,CAR,G
714,Justus Annunen,24,NSH,G
715,Rasmus Asplund,27,FLA,F
716,Andreas Athanasiou,30,CHI,C
717,Alex Barré-Boulet,27,MTL,F
718,Matt Benning,30,SJS,D
719,Jordan Binnington,31,STL,G
720,Mackenzie Blackwood,28,SJS,G
721,Joel Blomqvist,23,PIT,G
722,Matěj Blümel,24,DAL,RW
723,Sergei Bobrovsky,36,FLA,G
724,Samuel Bolduc,24,NYI,D
725,Shane Bowers,25,NJD,C
726,Travis Boyd,31,MIN,C
727,Chase Bradley,23,COL,LW
728,Brendan Brisson,23,VEG,C
729,Josh Brown,31,EDM,D
730,Patrick Brown,32,BOS,C
731,Dylan Coghlan,26,WPG,D
732,Sam Colangelo,23,ANA,RW
733,Drew Commesso,22,CHI,G
734,Eric Comrie,29,WPG,G
735,Pheonix Copley,33,LAK,G
736,Sebastian Cossa,22,DET,G
737,Joey Daccord,28,SEA,G
738,Thatcher Demko,29,VAN,G
739,Grigori Denisenko,24,VEG,LW
740,Travis Dermott,28,MIN,D
741,Casey DeSmith,33,DAL,G
742,Lukáš Dostál,24,ANA,G
743,Samuel Ersson,25,PHI,G
744,Hudson Fasching,29,NYI,RW
745,Ivan Fedotov,28,PHI,G
746,Tye Felhaber,26,COL,F
747,Cale Fleury,26,SEA,D
748,Marc-André Fleury,40,MIN,G
749,Nolan Foote,24,NJD,LW
750,Anton Forsberg,32,OTT,G
751,Liam Foudy,24,NYI,C
752,Mark Friedman,29,VAN,D
753,Brendan Gaunce,30,MIN,C
754,Julien Gauthier,27,NYI,RW
755,John Gibson,31,ANA,G
756,Patrick Giles,25,FLA,F
757,Ryan Graves,29,PIT,D
758,Jet Greaves,23,CBJ,G
759,Nikita Grebenkin,21,TOR,RW
760,Philipp Grubauer,33,SEA,G
761,Erik Gudbranson,33,CBJ,D
762,David Gustafsson,24,WPG,C
763,Robert Hägg,29,VEG,D
764,Jani Hakanpää,32,TOR,D
765,Joel Hanley,33,CGY,D
766,Mike Hardman,25,NJD,RW
767,John Hayden,29,SEA,C
768,Ville Heinola,23,WPG,D
769,Connor Hellebuyck,31,WPG,G
770,Dennis Hildeby,23,TOR,G
771,Adin Hill,28,VEG,G
772,Marcus Högberg,30,NYI,G
773,Samuel Honzek,20,CGY,LW
774,Daemon Hunt,22,MIN,D
775,Ville Husso,29,DET,G
776,Ben Hutton,31,VEG,D
777,Connor Ingram,27,UTA,G
778,Jere Innala,26,COL,F
779,Tristan Jarry,29,PIT,G
780,Jonas Johansson,29,TBL,G
781,Reese Johnson,26,MIN,F
782,Ryan Johnson,23,BUF,D
783,Ben Jones,25,MIN,F
784,Caleb Jones,27,LAK,D
785,Max Jones,26,BOS,LW
786,Noah Juulsen,27,VAN,D
787,Kaapo Kähkönen,28,COL,G
788,Linus Karlsson,25,VAN,C
789,Adam Klapka,24,CGY,F
790,Aleksei Kolosov,23,PHI,G
791,Kevin Korchinski,20,CHI,D
792,Joonas Korpisalo,30,BOS,G
793,Darcy Kuemper,34,LAK,G
794,Tanner Laczynski,27,VEG,C
795,William Lagesson,28,DET,D
796,Brad Lambert,21,WPG,C
797,Kevin Lankinen,29,VAN,G
798,Nick Leddy,33,STL,D
799,Nathan Legare,24,NJD,RW
800,Devon Levi,23,BUF,G
801,Charlie Lindgren,31,WSH,G
802,Jett Luchanko,18,PHI,F
803,Tristan Luneau,21,ANA,D
804,Olle Lycksell,25,PHI,RW
805,Alex Lyon,32,DET,G
806,Kurtis MacDermid,30,NJD,LW
807,Connor Mackey,28,NYR,D
808,James Malatesta,21,CBJ,LW
809,Jacob Markström,35,NJD,G
810,Spencer Martin,29,CAR,G
811,Denton Mateychuk,20,CBJ,D
812,Rutger McGroarty,20,PIT,RW
813,Leevi Merilainen,22,OTT,G
814,Dakota Mermis,31,UTA,D
815,Elvis Merzļikins,30,CBJ,G
816,Ben Meyers,26,SEA,F
817,Keaton Middleton,26,COL,D
818,Sonny Milano,28,WSH,LW
819,Michael Milne,22,MIN,LW
820,Trent Miner,23,COL,G
821,Daniil Misyul,24,NJD,D
822,Sam Montembeault,28,MTL,G
823,Mason Morelli,28,VEG,F
824,Petr Mrázek,32,CHI,G
825,Matt Murray,30,TOR,G
826,Alex Nedeljkovic,29,PIT,G
827,Alexander Nylander,26,TOR,LW
828,Liam O'Brien,30,UTA,C
829,Liam Ohgren,21,MIN,LW
830,Yaniv Perets,24,CAR,G
831,David Perron,36,OTT,LW
832,Alexander Petrovic,32,DAL,D
833,Michael Pezzetta,26,MTL,C
834,Calvin Pickard,32,EDM,G
835,Vasiliy Ponomarev,22,PIT,C
836,Erik Portillo,24,LAK,G
837,Cayden Primeau,25,MTL,G
838,Nikita Prishchepov,20,COL,C
839,Jonathan Quick,39,NYR,G
840,Mike Reilly,31,NYI,D
841,James Reimer,36,BUF,G
842,Matt Rempe,22,NYR,C
843,David Rittich,32,LAK,G
844,Isak Rosen,21,BUF,RW
845,Joshua Roy,21,MTL,RW
846,Jonas Røndbjerg,25,VEG,RW
847,Ilya Samsonov,27,VEG,G
848,Steven Santini,29,TBL,D
849,Akira Schmid,24,VEG,G
850,Corey Schueneman,29,STL,D
851,Conor Sheary,32,TBL,LW
852,Igor Shesterkin,29,NYR,G
853,Arturs Silovs,23,VAN,G
854,Stuart Skinner,26,EDM,G
855,Givani Smith,26,SJS,RW
856,Arvid Söderblom,25,CHI,G
857,Ilya Sorokin,29,NYI,G
858,Jaxson Stauber,25,UTA,G
859,Alex Steeves,25,TOR,F
860,Matthew Stienburg,24,COL,C
861,Anthony Stolarz,31,TOR,G
862,Jeremy Swayman,26,BOS,G
863,Mads Søgaard,24,OTT,G
864,Cam Talbot,37,DET,G
865,Logan Thompson,27,WSH,G
866,Dustin Tokarski,35,CAR,G
867,Tyler Tucker,24,STL,D
868,Riley Tufte,26,BOS,LW
869,Semyon Varlamov,36,NYI,G
870,Andrei Vasilevskiy,30,TBL,G
871,Karel Vejmelka,28,UTA,G
872,Jeffrey Viel,28,BOS,F
873,Jesper Wallstedt,22,MIN,G
874,Austin Watson,33,DET,LW
875,Scott Wedgewood,32,NSH,G
876,Joseph Woll,26,TOR,G
877,Parker Wotherspoon,27,BOS,D
878,Kailer Yamamoto,26,UTA,RW
rank,name,age,team,position